<?xml version="1.0" encoding="utf-8" ?> 

<application xmlns="http://ns.adobe.com/air/application/13.0"> 
	<id>com.sss.DC6</id> 
	<versionNumber>1.5</versionNumber>
<!--
-->
	<description>A Director's view of 3D applications.</description>
	<copyright>Systems Strategies and Solutions (S), Pte. Ltd. All rights reserved.</copyright>
	<name>DC6</name>

	<supportedProfiles>extendedDesktop</supportedProfiles>

	<installFolder>SSS</installFolder>
	<programMenuFolder>SSS</programMenuFolder>
	<filename>DC6</filename>

	<icon>
		<image16x16>resources/images/SSS_Up_16_1.png</image16x16>
		<image32x32>resources/images/SSS_Up_32_1.png</image32x32>
		<image128x128>resources/images/SSS_Up_128_1.png</image128x128>
	</icon>

	<initialWindow> 
		<content>bin/DC6.swf</content>
		<depthAndStencil>true</depthAndStencil>
		<height>750</height>
		<maximizable>false</maximizable>
		<renderMode>direct</renderMode>
		<resizable>true</resizable>
		<systemChrome>none</systemChrome>
		<title>DC6</title>
		<transparent>true</transparent>
		<visible>false</visible>
		<width>450</width>
	</initialWindow>
</application>
